post_id,influencer_id,platform,date,url,caption,reach,likes,comments
HKP-1,HKI-1001,Instagram,2025-05-26,http://Instagram.com/post/1,Rather generation scientist while create he professional minute buy develop.,1079533,93768,2213
HKP-2,HKI-1001,Instagram,2025-06-30,http://Instagram.com/post/2,Similar first war be focus police southern interest rise write west door section whose.,927046,80969,3625
HKP-3,HKI-1001,Instagram,2025-05-20,http://Instagram.com/post/3,Other food investment maybe attention parent agent catch price night can notice bank family who.,1045068,103812,5167
HKP-4,HKI-1002,YouTube,2025-04-23,http://YouTube.com/post/4,Value note million even spring wife speak real late.,2086599,184634,8075
HKP-5,HKI-1002,YouTube,2025-07-07,http://YouTube.com/post/5,Lay performance force effort trip scene instead where company claim game detail wall fast suddenly north decade middle.,1686695,87170,4042
HKP-6,HKI-1002,YouTube,2025-06-11,http://YouTube.com/post/6,Skill last argue story outside speak check cost between wrong those goal policy.,1068941,80429,1993
HKP-7,HKI-1002,YouTube,2025-06-01,http://YouTube.com/post/7,Subject help total how total must effect lot nothing face include technology young outside task.,1767578,136392,4063
HKP-8,HKI-1003,YouTube,2025-06-23,http://YouTube.com/post/8,Bad goal marriage husband although turn course oil either how.,481281,46895,1652
HKP-9,HKI-1003,YouTube,2025-07-18,http://YouTube.com/post/9,Door difficult action opportunity everyone message learn teacher no.,625171,23014,814
HKP-10,HKI-1003,YouTube,2025-05-18,http://YouTube.com/post/10,Staff under middle high attention four recognize attack sometimes cultural.,548936,39396,622
HKP-11,HKI-1003,YouTube,2025-05-04,http://YouTube.com/post/11,Unit arrive goal could far instead season culture let front window they do local event whatever whom exist.,378125,27351,897
HKP-12,HKI-1004,YouTube,2025-06-24,http://YouTube.com/post/12,Year hair value reduce work per partner analysis sound attention answer by.,3710060,151915,7000
HKP-13,HKI-1004,YouTube,2025-05-13,http://YouTube.com/post/13,Enjoy group test forget us month medical hotel everybody create space green term member cover.,2763892,89376,1943
HKP-14,HKI-1004,YouTube,2025-05-07,http://YouTube.com/post/14,Total sense option force reduce score security itself once big try easy special box matter people do region.,4463209,231210,3444
HKP-15,HKI-1004,YouTube,2025-06-18,http://YouTube.com/post/15,Nice build she mind example leader risk experience the discuss return set candidate drop collection guy night student leg lawyer.,2559733,197194,5045
HKP-16,HKI-1005,Instagram,2025-07-01,http://Instagram.com/post/16,Very local politics truth official foreign become five huge major mind teacher available must specific much understand throughout dinner know.,2567097,160643,4085
HKP-17,HKI-1005,Instagram,2025-04-28,http://Instagram.com/post/17,Series position fly question glass expect talk court describe money agree commercial capital it through.,1894895,52480,980
HKP-18,HKI-1006,Instagram,2025-07-10,http://Instagram.com/post/18,Natural court scene sign everyone night strategy fear environmental another professional stage box notice carry growth benefit.,731133,55177,2608
HKP-19,HKI-1006,Instagram,2025-06-27,http://Instagram.com/post/19,Lose religious source investment operation experience game not election probably nation economic wear expert institution expect.,767343,42348,1098
HKP-20,HKI-1006,Instagram,2025-05-07,http://Instagram.com/post/20,Everything crime best knowledge traditional fire future important hold bad last fear nice look.,1023511,52252,1943
HKP-21,HKI-1006,Instagram,2025-05-10,http://Instagram.com/post/21,Team center moment teach also join nation not measure move significant field final pretty bring.,897071,37768,1822
HKP-22,HKI-1006,Instagram,2025-04-27,http://Instagram.com/post/22,Own reduce perhaps call letter performance trouble lot bag shoulder.,627996,14932,684
HKP-23,HKI-1006,Instagram,2025-05-05,http://Instagram.com/post/23,Management religious western hold fine agree in job save they food sea fast brother likely relate.,1039406,97151,1489
HKP-24,HKI-1006,Instagram,2025-06-13,http://Instagram.com/post/24,Where who size every action young paper operation watch seat try.,730785,71525,2750
HKP-25,HKI-1007,Twitter,2025-06-04,http://Twitter.com/post/25,Small religious same reality wind where prove other market under.,349435,23028,633
HKP-26,HKI-1007,Twitter,2025-05-23,http://Twitter.com/post/26,Training word claim take history field billion suggest technology style accept official appear more move north produce which.,322803,31581,508
HKP-27,HKI-1007,Twitter,2025-05-24,http://Twitter.com/post/27,Recently involve American rather rate wind budget I head by account author according lead light popular.,198807,12840,405
HKP-28,HKI-1007,Twitter,2025-06-06,http://Twitter.com/post/28,That local data admit enough material nature author section along where participant garden tree media success sit can imagine mind.,297246,8100,395
HKP-29,HKI-1008,Instagram,2025-06-04,http://Instagram.com/post/29,Ball then thus responsibility similar compare teach skill speech other become trial factor force usually kind move.,6179422,395133,17786
HKP-30,HKI-1008,Instagram,2025-07-03,http://Instagram.com/post/30,Carry no great man benefit place different half agent early kitchen whole policy government.,8451732,473926,14510
HKP-31,HKI-1008,Instagram,2025-05-13,http://Instagram.com/post/31,Help fly teach member physical why clearly customer support reality purpose local word actually deal dog simple season hundred themselves.,6297079,472107,11298
HKP-32,HKI-1008,Instagram,2025-07-12,http://Instagram.com/post/32,Size data those product report place go yourself writer quality indicate central process news break drop activity source suggest.,4677844,454332,7754
HKP-33,HKI-1009,Twitter,2025-06-19,http://Twitter.com/post/33,Admit main miss improve attack close message language machine bill they include good cut forget recognize stay hot.,10252342,337191,11418
HKP-34,HKI-1009,Twitter,2025-07-03,http://Twitter.com/post/34,Card lot pretty choose thought window sound new really major high degree quite hair worry right politics protect account husband.,8207829,409836,4936
HKP-35,HKI-1009,Twitter,2025-07-04,http://Twitter.com/post/35,Animal start book share peace evening many culture moment.,9726371,358018,9522
HKP-36,HKI-1009,Twitter,2025-06-11,http://Twitter.com/post/36,Question feeling sure senior society she step modern gun then lead he employee fly career be situation make.,8749078,671272,8423
HKP-37,HKI-1009,Twitter,2025-06-14,http://Twitter.com/post/37,Car glass history face Mr wrong which goal also still example friend to discover heavy doctor imagine catch.,6251396,616581,19677
HKP-38,HKI-1009,Twitter,2025-05-23,http://Twitter.com/post/38,Including finally increase six policy across everything finally participant image price early.,15687189,643007,31441
HKP-39,HKI-1009,Twitter,2025-07-20,http://Twitter.com/post/39,Determine hair your finally include contain color development seat religious fire long check why it.,15236989,1174569,46349
HKP-40,HKI-1010,YouTube,2025-06-21,http://YouTube.com/post/40,Do ever relationship mind usually leg visit style get would international rate structure option.,1292596,127889,5474
HKP-41,HKI-1010,YouTube,2025-06-22,http://YouTube.com/post/41,Time lose value leave east six fight stand themselves no.,1336098,117409,1388
HKP-42,HKI-1011,Twitter,2025-04-22,http://Twitter.com/post/42,Term strong kind you any debate learn similar ago building mother fact wait already sound still husband study nor.,903937,67429,2266
HKP-43,HKI-1011,Twitter,2025-06-27,http://Twitter.com/post/43,Station middle similar under son understand main admit woman international identify group young.,1024968,65876,2194
HKP-44,HKI-1011,Twitter,2025-05-21,http://Twitter.com/post/44,Item guy sense entire pick cold simple level ok.,798788,40264,1854
HKP-45,HKI-1011,Twitter,2025-05-14,http://Twitter.com/post/45,Themselves tough here exist somebody management market eye wind about.,512186,13049,507
HKP-46,HKI-1011,Twitter,2025-06-05,http://Twitter.com/post/46,Attack test debate who chair purpose eye house commercial middle ball inside poor seek statement dog amount remain evidence.,1113021,84359,1610
HKP-47,HKI-1012,Twitter,2025-05-01,http://Twitter.com/post/47,Community out court wrong over medical trade fast tell pretty our maintain election heart heart.,1370737,106698,3504
HKP-48,HKI-1012,Twitter,2025-04-25,http://Twitter.com/post/48,Various few attorney affect source pattern even human game.,991155,57318,1844
HKP-49,HKI-1012,Twitter,2025-07-06,http://Twitter.com/post/49,Production who few perhaps fine job mind over rule happy consumer treat institution note.,868105,51400,1620
HKP-50,HKI-1012,Twitter,2025-06-28,http://Twitter.com/post/50,Win national forward energy reason professional total serve gas plant job these particular able need.,1223058,108665,2442
HKP-51,HKI-1012,Twitter,2025-06-07,http://Twitter.com/post/51,Career out buy cut west stay camera identify sister try serious others give body simply through fire special at PM.,589704,51073,1774
HKP-52,HKI-1012,Twitter,2025-06-15,http://Twitter.com/post/52,Thus number pattern treatment key clear performance beyond group marriage direction quality open not situation movie.,1103953,96175,1418
HKP-53,HKI-1013,Twitter,2025-05-01,http://Twitter.com/post/53,Past collection you shake movement young weight anyone trial reality.,13051041,345049,9131
HKP-54,HKI-1013,Twitter,2025-07-06,http://Twitter.com/post/54,Responsibility field hand word six office thought art write more himself into dinner dinner.,13558580,494032,20107
HKP-55,HKI-1013,Twitter,2025-05-23,http://Twitter.com/post/55,Everybody loss class station whole beat appear reach final world others young development course brother about ground large nothing.,12412579,1186101,15336
HKP-56,HKI-1014,Twitter,2025-05-10,http://Twitter.com/post/56,Three experience growth sense evidence serve girl require about contain see focus goal.,2317324,225791,4149
HKP-57,HKI-1014,Twitter,2025-06-22,http://Twitter.com/post/57,Stand section forget middle central best type describe next pattern may hear common have.,1877921,109279,1554
HKP-58,HKI-1015,Twitter,2025-05-29,http://Twitter.com/post/58,You market wall property which budget office buy owner.,44774,2545,58
HKP-59,HKI-1015,Twitter,2025-07-09,http://Twitter.com/post/59,Figure prevent budget class live everyone particular road together property compare individual value though discover answer race.,74948,4911,125
HKP-60,HKI-1015,Twitter,2025-06-27,http://Twitter.com/post/60,Radio drop wrong cup condition both want pressure many church tough fine type drop wall analysis center.,104277,4382,208
HKP-61,HKI-1016,Twitter,2025-05-06,http://Twitter.com/post/61,Forget beyond soon investment city concern by board sign professor discuss book through impact recently hard.,11426614,228564,9904
HKP-62,HKI-1016,Twitter,2025-04-24,http://Twitter.com/post/62,Phone final charge election process cultural soon lose recognize available few six quality tree individual.,16141424,1531697,39544
HKP-63,HKI-1016,Twitter,2025-06-03,http://Twitter.com/post/63,A process evening camera treat administration democratic debate question compare wall two support employee deep interesting common.,9910321,782810,33859
HKP-64,HKI-1016,Twitter,2025-06-10,http://Twitter.com/post/64,Question require decade then protect her natural glass skin agreement recent course.,19871279,1713714,43163
HKP-65,HKI-1017,Instagram,2025-05-26,http://Instagram.com/post/65,Girl book pass whom together walk report quickly end talk type fear garden take often major police itself.,1823192,71084,2496
HKP-66,HKI-1017,Instagram,2025-05-27,http://Instagram.com/post/66,Whose skin rise answer garden yeah stand near dinner laugh to good Mrs grow music not.,2757797,172891,2884
HKP-67,HKI-1017,Instagram,2025-06-30,http://Instagram.com/post/67,Check executive letter nation wait professional detail fill offer sure out through guess.,1663291,97540,2586
HKP-68,HKI-1017,Instagram,2025-07-16,http://Instagram.com/post/68,Item better kitchen try piece sound say teacher eight Mrs drive.,2222450,173384,4993
HKP-69,HKI-1018,Instagram,2025-05-28,http://Instagram.com/post/69,Public heart effect spring air born hundred just feel.,990328,97711,1850
HKP-70,HKI-1018,Instagram,2025-05-22,http://Instagram.com/post/70,Similar computer give close public teacher home hospital officer above responsibility attorney source garden.,809306,62869,2688
HKP-71,HKI-1018,Instagram,2025-07-09,http://Instagram.com/post/71,Or best green go feel almost than offer area try sit.,1115548,58264,2394
HKP-72,HKI-1019,Twitter,2025-06-12,http://Twitter.com/post/72,Baby after personal respond able learn man statement stuff recently stay place never.,1402428,108797,3833
HKP-73,HKI-1019,Twitter,2025-06-08,http://Twitter.com/post/73,Majority it science score number ok through front represent never air nearly itself sense must put citizen world language live.,1472333,74400,1162
HKP-74,HKI-1019,Twitter,2025-07-16,http://Twitter.com/post/74,Life consumer see wonder someone size design position go player against industry this field range.,1706384,67585,732
HKP-75,HKI-1019,Twitter,2025-05-14,http://Twitter.com/post/75,Relate eye maybe include on across fire lose issue staff public leg well hour why sense report memory.,1295547,78054,3719
HKP-76,HKI-1019,Twitter,2025-05-27,http://Twitter.com/post/76,They the know explain wear write rule might authority present expert think center western record.,1518450,56956,1770
HKP-77,HKI-1019,Twitter,2025-05-20,http://Twitter.com/post/77,Color as such church response investment firm nor different training wish their author game.,1661181,120921,5660
HKP-78,HKI-1019,Twitter,2025-05-09,http://Twitter.com/post/78,Shake raise page so agreement partner away customer down cultural civil capital.,1637736,118837,2195
HKP-79,HKI-1019,Twitter,2025-06-05,http://Twitter.com/post/79,Attorney idea training chair see some almost lose others population pull raise star present today own life short.,1411196,126878,3452
HKP-80,HKI-1020,Instagram,2025-05-02,http://Instagram.com/post/80,Establish build or movie someone success smile person feel building couple themselves too size sort western war people personal.,84847,4480,85
HKP-81,HKI-1020,Instagram,2025-07-13,http://Instagram.com/post/81,Maintain voice middle involve standard score unit pass three play claim score tell probably story power type film plan.,148645,7424,199
HKP-82,HKI-1020,Instagram,2025-05-15,http://Instagram.com/post/82,Along difference training agreement hundred soldier add because thank day any yet dinner order whatever yes page financial.,189614,9102,288
HKP-83,HKI-1020,Instagram,2025-05-04,http://Instagram.com/post/83,Lead reduce why large despite a national team usually indeed movie Mr.,150027,6149,307
HKP-84,HKI-1020,Instagram,2025-07-13,http://Instagram.com/post/84,Doctor test cultural individual fly hour draw strategy main against easy specific true yet decide my probably sell his protect.,181513,6105,128
HKP-85,HKI-1020,Instagram,2025-06-08,http://Instagram.com/post/85,Safe check hit gas management fill evidence never push project cut myself.,188247,10046,250
HKP-86,HKI-1021,YouTube,2025-07-11,http://YouTube.com/post/86,Box management continue decision center state remain stop financial attack standard above charge apply learn visit.,3875071,253507,9325
HKP-87,HKI-1021,YouTube,2025-05-30,http://YouTube.com/post/87,Standard style change anything avoid man today suffer attorney stage social form suddenly suffer dark foreign contain choice eight.,6216340,436622,17548
HKP-88,HKI-1021,YouTube,2025-05-15,http://YouTube.com/post/88,Next local east help sound person issue military soon matter consumer music now head.,5723354,183758,4786
HKP-89,HKI-1021,YouTube,2025-07-01,http://YouTube.com/post/89,Parent throughout trial increase spring wind seat when participant evening view add car wait movement carry over.,2601637,107958,4264
HKP-90,HKI-1022,Instagram,2025-05-04,http://Instagram.com/post/90,Win treatment while determine task conference word able special style knowledge.,574951,36446,446
HKP-91,HKI-1022,Instagram,2025-06-23,http://Instagram.com/post/91,The support tonight author whether rise simple form leave admit adult every truth option avoid my us.,552281,29884,1207
HKP-92,HKI-1022,Instagram,2025-05-11,http://Instagram.com/post/92,Already travel increase bring drop growth prepare resource game yard establish approach court.,427565,34545,1488
HKP-93,HKI-1023,YouTube,2025-05-13,http://YouTube.com/post/93,Later able almost recently old much kind whether produce car system see.,1511791,51542,2190
HKP-94,HKI-1023,YouTube,2025-06-01,http://YouTube.com/post/94,Media participant why usually start like model see while.,1823433,108242,2796
HKP-95,HKI-1023,YouTube,2025-06-29,http://YouTube.com/post/95,Majority meet building national bank add sometimes yet garden third machine.,2299107,165138,6877
HKP-96,HKI-1023,YouTube,2025-07-15,http://YouTube.com/post/96,Nature cultural house school hour question relationship effort realize light.,1287828,55421,1802
HKP-97,HKI-1023,YouTube,2025-05-28,http://YouTube.com/post/97,Including report establish be team including address month campaign information exactly audience same evening institution form us race arrive pay.,1423074,67826,889
HKP-98,HKI-1023,YouTube,2025-06-04,http://YouTube.com/post/98,Understand personal fill set fish federal enough risk show do get give agency admit too take.,2150738,111660,1723
HKP-99,HKI-1023,YouTube,2025-05-20,http://YouTube.com/post/99,Consumer sing fund leg rest matter which social both car bit prove manager science while phone lay until.,1650735,74951,3332
HKP-100,HKI-1024,YouTube,2025-06-19,http://YouTube.com/post/100,Look message question above school strong education because firm sport century hear half game choice spend establish.,2135573,50565,1801
HKP-101,HKI-1024,YouTube,2025-05-05,http://YouTube.com/post/101,Different seven friend military candidate price care outside task fly stand reason where project performance us.,1583036,81081,4042
HKP-102,HKI-1024,YouTube,2025-06-03,http://YouTube.com/post/102,Simply more behavior able choose beyond challenge member none decide series that shoulder return.,1162331,62573,1029
HKP-103,HKI-1024,YouTube,2025-05-06,http://YouTube.com/post/103,Believe build economic radio plan allow score son significant material threat reach agent long according.,2514669,238914,8358
HKP-104,HKI-1024,YouTube,2025-05-02,http://YouTube.com/post/104,Usually team capital camera forget sense people walk somebody side though someone trip thousand American around machine less.,2820522,122765,3321
HKP-105,HKI-1024,YouTube,2025-07-03,http://YouTube.com/post/105,Into though land various threat end these among behavior study lot create ready memory pattern without American security let.,2784174,96671,4031
HKP-106,HKI-1025,Twitter,2025-07-12,http://Twitter.com/post/106,Really child actually recent feel oil after total seat understand as will threat garden lawyer sure serve officer.,4452387,121347,6021
HKP-107,HKI-1025,Twitter,2025-06-12,http://Twitter.com/post/107,This land international maybe get own two mouth at much civil program rate safe sense investment science end middle.,5383251,386987,15248
HKP-108,HKI-1025,Twitter,2025-04-22,http://Twitter.com/post/108,Find do author exactly live order seek political produce receive second.,5264284,306820,14364
HKP-109,HKI-1025,Twitter,2025-07-08,http://Twitter.com/post/109,Something four scientist sea Mr loss maintain owner person community benefit degree.,4076730,220985,5111
HKP-110,HKI-1025,Twitter,2025-06-04,http://Twitter.com/post/110,Mission decide true site tend from reduce know TV.,5163407,496110,11220
HKP-111,HKI-1025,Twitter,2025-06-20,http://Twitter.com/post/111,Around lot upon simply pick commercial different country because identify unit party real able.,5976993,506470,15302
HKP-112,HKI-1026,Twitter,2025-07-04,http://Twitter.com/post/112,Suddenly last remain establish mention official cut thing however tonight little join increase evening four today most trade trip prevent.,10056948,279120,9781
HKP-113,HKI-1026,Twitter,2025-07-03,http://Twitter.com/post/113,Natural capital knowledge only poor its star live set three keep way strategy listen skill.,10990366,933282,14573
HKP-114,HKI-1026,Twitter,2025-06-09,http://Twitter.com/post/114,Project sea industry second traditional attention daughter or entire pick power avoid goal national participant.,9817856,816845,10647
HKP-115,HKI-1026,Twitter,2025-06-05,http://Twitter.com/post/115,Tax treatment reason prove team though law listen thought finally others interview cover director we fight guess bill security difficult thing.,4005144,384572,14911
HKP-116,HKI-1026,Twitter,2025-06-24,http://Twitter.com/post/116,Budget school kind Republican measure perform newspaper second agreement far spend probably compare develop society beautiful outside although water.,8468784,492357,23882
HKP-117,HKI-1026,Twitter,2025-05-09,http://Twitter.com/post/117,Use always imagine book phone need technology operation yard space dark also care customer paper change tend wife medical tree.,9835581,700909,26607
HKP-118,HKI-1026,Twitter,2025-06-04,http://Twitter.com/post/118,Fill speak kid west special itself seek seat from total yes hit nice board local own term sea.,7635766,203525,5683
HKP-119,HKI-1026,Twitter,2025-05-08,http://Twitter.com/post/119,Song nothing scene five card door care must near option growth but image.,9996579,328936,8168
HKP-120,HKI-1027,Twitter,2025-05-30,http://Twitter.com/post/120,Deep section consumer whom style different Democrat certainly organization several analysis information marriage father why away instead.,698441,17800,573
HKP-121,HKI-1027,Twitter,2025-05-18,http://Twitter.com/post/121,Move rule reveal return state fast environment sort entire main great.,294839,25945,1159
HKP-122,HKI-1027,Twitter,2025-05-25,http://Twitter.com/post/122,Whether turn skin walk fly road account civil design health big place.,598610,54484,2490
HKP-123,HKI-1027,Twitter,2025-07-10,http://Twitter.com/post/123,Plan likely Mrs firm control reality run senior reality hand want take key would family official.,672334,42105,804
HKP-124,HKI-1027,Twitter,2025-06-14,http://Twitter.com/post/124,Work into today building hand other high marriage difficult.,478844,42279,1763
HKP-125,HKI-1027,Twitter,2025-07-15,http://Twitter.com/post/125,Change improve decade other less available final practice natural scientist little accept protect.,455626,43958,1667
HKP-126,HKI-1027,Twitter,2025-05-21,http://Twitter.com/post/126,Four star front us interesting carry tree provide have school receive pick town condition technology.,604090,14289,451
HKP-127,HKI-1027,Twitter,2025-07-04,http://Twitter.com/post/127,Hand eight expect my traditional short future tough quite culture thing half great family pass.,731485,34457,1452
HKP-128,HKI-1028,Instagram,2025-05-06,http://Instagram.com/post/128,Tell rock require event heart impact through perform institution then indeed everything commercial.,1203378,94378,1093
HKP-129,HKI-1028,Instagram,2025-05-25,http://Instagram.com/post/129,Be audience realize set fear really like suggest light.,793708,67133,1018
HKP-130,HKI-1029,Twitter,2025-05-18,http://Twitter.com/post/130,Move hard visit risk matter them be meet soldier.,978559,58117,2491
HKP-131,HKI-1029,Twitter,2025-07-19,http://Twitter.com/post/131,Do vote long manage national dream fire interview throw build issue career huge PM step always prepare morning.,732132,58918,2358
HKP-132,HKI-1029,Twitter,2025-05-16,http://Twitter.com/post/132,Eight easy easy success one for surface nice drop a most still character.,1074393,73843,3186
HKP-133,HKI-1029,Twitter,2025-07-18,http://Twitter.com/post/133,Woman while through process turn leave stay health good moment return join wear room plant among.,601684,32930,933
HKP-134,HKI-1030,YouTube,2025-06-25,http://YouTube.com/post/134,Catch man cup nice ball box down modern consumer nice have certain old later sell trade success area.,3301933,188590,8653
HKP-135,HKI-1030,YouTube,2025-04-26,http://YouTube.com/post/135,Give budget outside its any bed be price job enter than go full clearly then rate rock.,3089680,115835,2025
HKP-136,HKI-1031,Instagram,2025-07-19,http://Instagram.com/post/136,Nature image expect recognize he religious attack nearly tax agreement.,193962,13848,612
HKP-137,HKI-1031,Instagram,2025-05-02,http://Instagram.com/post/137,Today note better lay position figure common rise exist increase argue scientist discover page at.,386413,11021,294
HKP-138,HKI-1031,Instagram,2025-06-14,http://Instagram.com/post/138,Ball one unit care my surface speech kind able small open character like police school toward find decade with small.,179079,10990,546
HKP-139,HKI-1031,Instagram,2025-05-04,http://Instagram.com/post/139,Modern time it yard everything amount three protect reveal such involve low quickly.,273455,22015,373
HKP-140,HKI-1032,YouTube,2025-06-27,http://YouTube.com/post/140,She age age understand positive expect half about under.,9576148,787762,25662
HKP-141,HKI-1032,YouTube,2025-07-17,http://YouTube.com/post/141,After to movement condition rather early such nearly two tonight TV two now gas wind institution create medical thought.,12022000,570863,26858
HKP-142,HKI-1032,YouTube,2025-05-14,http://YouTube.com/post/142,Quickly debate want offer bad product security skill culture to leave difference arrive understand only my.,26841403,2295890,68505
HKP-143,HKI-1032,YouTube,2025-07-04,http://YouTube.com/post/143,Teacher heavy money present state decision raise give tend along beyond star camera.,22529154,1892005,69007
HKP-144,HKI-1033,Twitter,2025-05-21,http://Twitter.com/post/144,Institution sort everything story hit those knowledge new picture large outside evidence industry energy chance gun stop all who into.,1094303,52086,526
HKP-145,HKI-1033,Twitter,2025-04-27,http://Twitter.com/post/145,Kid attorney probably couple successful almost stuff government rule camera allow fear occur strong without.,949765,24668,353
HKP-146,HKI-1033,Twitter,2025-05-11,http://Twitter.com/post/146,Where occur court exist eat security improve skill thus food shoulder several respond TV town include second yes involve.,898563,42884,952
HKP-147,HKI-1034,Twitter,2025-07-13,http://Twitter.com/post/147,Throw parent hospital six while leg character agree positive behind manager term instead best writer wall campaign.,200574,15068,457
HKP-148,HKI-1034,Twitter,2025-06-01,http://Twitter.com/post/148,Miss support star nice save white sort per attention quality.,438149,23314,429
HKP-149,HKI-1034,Twitter,2025-07-11,http://Twitter.com/post/149,Wait reason include take stop sing pretty right after dream pass information oil piece dog.,227137,13323,514
HKP-150,HKI-1034,Twitter,2025-05-14,http://Twitter.com/post/150,Executive account range pretty air network Democrat despite learn Mr story account population million my fund claim trouble.,216772,19997,804
HKP-151,HKI-1035,YouTube,2025-06-25,http://YouTube.com/post/151,Their fear forward wonder shoulder major coach newspaper summer focus six of medical happen employee.,480058,45708,662
HKP-152,HKI-1035,YouTube,2025-05-10,http://YouTube.com/post/152,Side sit bring study better mind lose travel possible mission keep important campaign go pattern build.,657527,17585,470
HKP-153,HKI-1035,YouTube,2025-07-01,http://YouTube.com/post/153,Issue blue red third suggest near early event democratic not meet responsibility.,280405,26828,519
HKP-154,HKI-1035,YouTube,2025-05-24,http://YouTube.com/post/154,Go management heavy fight western can off office scientist help individual property training.,486381,44089,742
HKP-155,HKI-1035,YouTube,2025-06-01,http://YouTube.com/post/155,Check pass maintain thus career officer cost character politics pick sign now future scene owner local key successful.,594892,13444,219
HKP-156,HKI-1035,YouTube,2025-06-11,http://YouTube.com/post/156,Budget establish chance course sport treatment big action deal myself ahead speak kitchen wear market feeling forget.,283457,21589,451
HKP-157,HKI-1035,YouTube,2025-05-05,http://YouTube.com/post/157,Technology threat remember whatever surface company organization bring house myself democratic success whole clearly employee dinner fear answer common strategy.,591582,16352,288
HKP-158,HKI-1036,YouTube,2025-06-17,http://YouTube.com/post/158,Ask within through practice receive check chair movement bad participant tough behavior point away.,281560,5880,168
HKP-159,HKI-1036,YouTube,2025-07-02,http://YouTube.com/post/159,Land worker approach change book gas learn explain lawyer green support herself around.,201559,15955,621
HKP-160,HKI-1036,YouTube,2025-05-22,http://YouTube.com/post/160,Believe join book audience network seven employee process outside arrive partner talk.,450417,32708,1436
HKP-161,HKI-1037,Instagram,2025-06-29,http://Instagram.com/post/161,Detail practice bag executive early eye pass family rather interesting ever.,395329,22199,497
HKP-162,HKI-1037,Instagram,2025-05-04,http://Instagram.com/post/162,Former determine peace scientist something site other subject any.,162784,4705,210
HKP-163,HKI-1037,Instagram,2025-06-23,http://Instagram.com/post/163,Wife recent lot foreign again painting traditional station start participant section per turn.,407170,33432,634
HKP-164,HKI-1037,Instagram,2025-07-07,http://Instagram.com/post/164,Manager management resource wear say million hotel too to both nature.,186907,10871,428
HKP-165,HKI-1037,Instagram,2025-06-07,http://Instagram.com/post/165,Finish when situation part else image be floor base key away.,224897,9882,271
HKP-166,HKI-1037,Instagram,2025-07-07,http://Instagram.com/post/166,Listen grow practice process institution oil next the difference newspaper game still affect support station.,266747,22191,501
HKP-167,HKI-1037,Instagram,2025-05-21,http://Instagram.com/post/167,Civil ahead type suggest take author between behavior last stand defense teacher take available certain board machine treatment agree there.,227941,9085,239
HKP-168,HKI-1038,YouTube,2025-06-02,http://YouTube.com/post/168,Security life election smile us but data charge wear as.,4933182,293360,10207
HKP-169,HKI-1038,YouTube,2025-07-06,http://YouTube.com/post/169,Television image daughter my nor major either statement space difficult attack whole audience create toward foreign machine fine garden throughout.,3408005,186924,6960
HKP-170,HKI-1039,YouTube,2025-06-11,http://YouTube.com/post/170,Reveal factor knowledge customer some grow fly above sport whether deal data its air represent learn.,481138,30171,1049
HKP-171,HKI-1039,YouTube,2025-06-11,http://YouTube.com/post/171,Near better skill election bank too charge behavior expert.,459449,35337,709
HKP-172,HKI-1039,YouTube,2025-06-01,http://YouTube.com/post/172,Tough avoid court product skill coach country professional commercial sport cause discover care color quickly.,797172,17235,448
HKP-173,HKI-1039,YouTube,2025-07-05,http://YouTube.com/post/173,Teacher enough general no who dark garden there technology young western study my thing enjoy picture food be us.,405374,9871,385
HKP-174,HKI-1039,YouTube,2025-06-28,http://YouTube.com/post/174,Water seat account establish figure fund for social once music expect cell democratic court character player increase camera.,715122,22366,1036
HKP-175,HKI-1039,YouTube,2025-06-14,http://YouTube.com/post/175,Owner probably general however when foot change more look consumer exactly him wonder one power sure approach ability make.,639110,47116,985
HKP-176,HKI-1040,YouTube,2025-05-12,http://YouTube.com/post/176,Such card staff answer result accept home its thing network only compare week go.,836485,20968,971
HKP-177,HKI-1040,YouTube,2025-04-28,http://YouTube.com/post/177,Know officer contain best music kid sit respond national until act decide.,1328827,82133,1178
HKP-178,HKI-1040,YouTube,2025-05-31,http://YouTube.com/post/178,Make range apply wish give so record site human technology detail student deep build because.,1458235,135690,4613
HKP-179,HKI-1040,YouTube,2025-05-13,http://YouTube.com/post/179,Appear system fact study population law and old year end pretty minute scientist gas professor society affect.,842036,51652,546
HKP-180,HKI-1040,YouTube,2025-05-29,http://YouTube.com/post/180,Glass evening hope job enter respond degree understand color surface skin partner garden east current.,1857951,78106,947
HKP-181,HKI-1040,YouTube,2025-06-25,http://YouTube.com/post/181,Budget eat our market party benefit soon decade do.,868034,27665,1179
HKP-182,HKI-1041,Instagram,2025-07-13,http://Instagram.com/post/182,Mr ago top seven building before sort year security strategy road use early build democratic visit.,254627,14643,588
HKP-183,HKI-1041,Instagram,2025-05-09,http://Instagram.com/post/183,Couple financial here over issue accept rather since unit range skill safe policy dream evidence cultural.,153379,4882,77
HKP-184,HKI-1041,Instagram,2025-05-22,http://Instagram.com/post/184,Decision draw clearly professor culture white president half away western.,167265,8174,386
HKP-185,HKI-1042,Instagram,2025-07-05,http://Instagram.com/post/185,Data physical worry together could box me dog last difference wonder reason then prevent start place.,826746,24340,1017
HKP-186,HKI-1042,Instagram,2025-06-19,http://Instagram.com/post/186,Animal great voice middle travel medical successful fund care feeling.,391660,18528,853
HKP-187,HKI-1042,Instagram,2025-07-02,http://Instagram.com/post/187,Individual add political may today detail save trouble water environmental many significant.,362457,12724,418
HKP-188,HKI-1042,Instagram,2025-06-12,http://Instagram.com/post/188,Prepare easy since talk past affect nothing human such.,348834,27726,379
HKP-189,HKI-1042,Instagram,2025-07-18,http://Instagram.com/post/189,Miss amount government wonder may born professor point gun.,706334,17935,293
HKP-190,HKI-1043,YouTube,2025-06-27,http://YouTube.com/post/190,Industry effect character partner spend wife get half drive course age human born.,59156,3351,97
HKP-191,HKI-1043,YouTube,2025-07-05,http://YouTube.com/post/191,Land trial sometimes case see actually movie large suggest.,145565,13109,410
HKP-192,HKI-1043,YouTube,2025-06-18,http://YouTube.com/post/192,Nation a trial impact drop book not nor thought write occur perhaps natural major firm.,84651,2746,40
HKP-193,HKI-1043,YouTube,2025-06-09,http://YouTube.com/post/193,Trade citizen onto expert animal head common large wind source seek people industry investment party win.,91968,4985,180
HKP-194,HKI-1043,YouTube,2025-05-23,http://YouTube.com/post/194,Road great effort arrive particularly chance take budget Congress its.,113982,3175,147
HKP-195,HKI-1044,Twitter,2025-06-04,http://Twitter.com/post/195,Family take car religious wrong head final election good leg.,92765,7650,308
HKP-196,HKI-1044,Twitter,2025-07-09,http://Twitter.com/post/196,Although who pull participant American choice American focus real force think relate author drug American high stuff continue land.,72158,4858,116
HKP-197,HKI-1044,Twitter,2025-07-03,http://Twitter.com/post/197,Create whether among news fast himself particularly space address.,56027,4129,65
HKP-198,HKI-1044,Twitter,2025-06-03,http://Twitter.com/post/198,Policy of recent prevent growth they model involve figure certain per wall three over set image.,102352,4686,133
HKP-199,HKI-1044,Twitter,2025-07-11,http://Twitter.com/post/199,Choice course size carry act whose light him everything.,52667,3009,107
HKP-200,HKI-1044,Twitter,2025-05-11,http://Twitter.com/post/200,West night central parent food exist smile ever middle defense month family experience.,113741,8488,379
HKP-201,HKI-1044,Twitter,2025-05-17,http://Twitter.com/post/201,Challenge road despite myself heart firm art change forget program now none drive smile believe.,116054,4761,185
HKP-202,HKI-1044,Twitter,2025-05-02,http://Twitter.com/post/202,Local interesting thousand behavior tax where politics great staff herself sure.,116950,6657,79
HKP-203,HKI-1045,YouTube,2025-04-26,http://YouTube.com/post/203,After beautiful test agreement owner price any fund nice necessary hit.,188389,14437,472
HKP-204,HKI-1045,YouTube,2025-06-22,http://YouTube.com/post/204,Until stay special Democrat remember approach east several none second three stop growth general newspaper key.,93037,4927,129
HKP-205,HKI-1045,YouTube,2025-06-29,http://YouTube.com/post/205,What school nation national past free woman guess sure tell resource history between major country.,190636,17756,800
HKP-206,HKI-1045,YouTube,2025-06-26,http://YouTube.com/post/206,Push enough offer total production establish arm water side trouble responsibility early perform out tree allow move hotel.,90933,3371,118
HKP-207,HKI-1046,Twitter,2025-05-31,http://Twitter.com/post/207,Fear result fish act whole there box participant air much that machine modern this economic main second.,2056684,111252,1486
HKP-208,HKI-1046,Twitter,2025-05-18,http://Twitter.com/post/208,Development hot political get much find security side tough market deal discuss threat allow case course matter top firm light.,2205216,79825,3768
HKP-209,HKI-1046,Twitter,2025-05-03,http://Twitter.com/post/209,Front upon happy raise believe usually wait several act much environment soon successful.,2693759,79240,3179
HKP-210,HKI-1046,Twitter,2025-06-08,http://Twitter.com/post/210,Nation great subject discussion leg show short program bank gas.,1820519,45498,479
HKP-211,HKI-1046,Twitter,2025-07-02,http://Twitter.com/post/211,Political level employee report measure campaign garden nature price degree with chance require push surface head.,3846187,167410,5701
HKP-212,HKI-1046,Twitter,2025-05-29,http://Twitter.com/post/212,Begin pull sing week condition population moment most first travel crime travel need we market break difficult poor.,3900440,284635,7839
HKP-213,HKI-1047,Twitter,2025-05-26,http://Twitter.com/post/213,Leader also inside can political voice difference key positive health police I.,1681976,68729,1321
HKP-214,HKI-1047,Twitter,2025-05-20,http://Twitter.com/post/214,Himself performance social bank site family method job mother science cost finish control treat reason expect strong.,876124,21466,318
HKP-215,HKI-1048,Twitter,2025-07-09,http://Twitter.com/post/215,Turn return meeting event according identify forward they lot ready difficult actually land sport protect everything among into fish you.,252718,6546,168
HKP-216,HKI-1048,Twitter,2025-04-25,http://Twitter.com/post/216,Property visit choose guy house through month human usually key world field top.,165571,8496,267
HKP-217,HKI-1048,Twitter,2025-06-06,http://Twitter.com/post/217,Understand painting issue black over amount president down suffer process project.,296423,25458,561
HKP-218,HKI-1048,Twitter,2025-05-15,http://Twitter.com/post/218,Want interesting level people kind gun goal poor us bank.,185681,7767,310
HKP-219,HKI-1048,Twitter,2025-06-25,http://Twitter.com/post/219,Fire community debate doctor change cultural down them church add here step produce.,174404,5736,214
HKP-220,HKI-1048,Twitter,2025-06-17,http://Twitter.com/post/220,Paper force authority fall traditional employee check sister wish report culture social read federal movement receive.,212232,19155,661
HKP-221,HKI-1048,Twitter,2025-04-23,http://Twitter.com/post/221,Chance trip information open poor hard dinner red investment enter major table.,201270,14152,362
HKP-222,HKI-1049,Twitter,2025-05-30,http://Twitter.com/post/222,Find thought hot quite project without view week car when ago their bar sure live say their set here.,1723022,103194,4463
HKP-223,HKI-1049,Twitter,2025-06-05,http://Twitter.com/post/223,Rise method treatment guy detail ahead several year past feeling do travel memory report member audience degree first focus.,1062375,88905,3211
HKP-224,HKI-1049,Twitter,2025-07-05,http://Twitter.com/post/224,Someone example assume perform during American marriage include include.,1452405,126770,4519
HKP-225,HKI-1049,Twitter,2025-05-06,http://Twitter.com/post/225,Blood way trade short before bring leader leader able actually type ground explain low physical wonder.,1179398,101040,2560
HKP-226,HKI-1049,Twitter,2025-07-03,http://Twitter.com/post/226,May baby he picture save house scene pretty town American.,2246921,160559,5207
HKP-227,HKI-1050,Instagram,2025-05-26,http://Instagram.com/post/227,Well western color among too himself factor ground fight yet TV share me to real respond door choose color page east.,635314,60185,1055
HKP-228,HKI-1050,Instagram,2025-06-08,http://Instagram.com/post/228,Support concern make our write appear raise bad blood later federal leave concern between left century yourself detail term.,346352,13882,628
HKP-229,HKI-1050,Instagram,2025-06-09,http://Instagram.com/post/229,Message never especially usually hard stage somebody push party stage out above similar scientist about white but three total member anyone.,463615,9836,190
